,Basico,Igreja,PoliciaIgreja
Mobilidade_Morador,0.0,0.0,0.9117708991366604
Mobilidade_Povo_Rua,0.3824701195219123,0.350597609561753,0.5816733067729084
Indice_Gini_Morador,0.660730680143188,0.6596525584333544,0.1511749842072015
Indice_Gini_Povo_Rua,0.5224302788844621,0.5882470119521912,0.3883266932270917
